"Category","Number of objects","Objects automatically converted","Objects with simple actions","Objects with medium-complexity actions","Objects with complex actions","Total lines of code"
"XML_SCHEMA_COLLECTION","2","2","0","0","0","4"
"VIEW","2","2","0","0","0","65"
"TRIGGER","1","1","0","0","0","36"
"INDEX","27","27","0","0","0","54"
"CONSTRAINT","29","29","0","0","0","72"
"TABLE","13","13","0","0","0","109"
"SCHEMA","1","1","0","0","0","1"
"SQL_syntax_elements_number","532","532","","",""
"Storage_objects_count","72","72","","",""
"Code_objects_count","3","3","","",""

"Source database: AdventureWorks.Person.MSSQL_Server_AdvWorks"
"Microsoft SQL Server 2019 (RTM-CU17) (KB5016394) - 15.0.4249.2 (X64) Jul 22 2022 12:11:33 "
"Copyright (C) 2019 Microsoft Corporation"
"Developer Edition (64-bit) on Linux (Amazon Linux 2) <X64>"
"Case sensitivity: OFF"
