"Category","Number of objects","Objects automatically converted","Objects with simple actions","Objects with medium-complexity actions","Objects with complex actions","Total lines of code"
"TABLE_VALUED_FUNCTION","1","1","0","0","0","71"
"TYPE","6","6","0","0","0","12"
"SCALAR_FUNCTION","11","10","0","0","1","171"
"PROCEDURE","8","7","0","0","1","283"
"TRIGGER","5","5","0","0","0","41"
"CONSTRAINT","3","3","0","0","0","6"
"TABLE","8","8","0","0","0","54"
"SCHEMA","1","1","0","0","0",""
"SQL_syntax_elements_number","3757","3757","","",""
"Storage_objects_count","18","18","","",""
"Code_objects_count","25","23","","",""

"Source database: AdventureWorks2019.dbo.MSSQL_Server_AdvWorks"
"Microsoft SQL Server 2019 (RTM-CU14) (KB5007182) - 15.0.4188.2 (X64) Nov  3 2021 19:19:51 "
"Copyright (C) 2019 Microsoft Corporation"
"Express Edition (64-bit) on Linux (Red Hat Enterprise Linux 8.4 (Ootpa)) <X64>"
"Case sensitivity: OFF"
