Schema,Action item,Number of occurrences,Learning curve efforts,Efforts to convert an occurrence of the action item,Action item description,Recommended action
AdventureWorks2019.Person,7634,1,0.0,0.1,PostgreSQL doesn't support the SCHEMABINDING option. Automatic conversion ignores this clause,Use CREATE VIEW without this option.
AdventureWorks2019.Person,7708,13,80.0,40.0,Unable convert variable usage of unsupported datatype,Perform a manual conversion.
AdventureWorks2019.Person,7791,5,0.0,0.1,PostgreSQL doesn't support the DATA_COMPRESSION option in indexes,Use index without this option.
AdventureWorks2019.Person,7795,7,0.0,0.01,PostgreSQL in operations with strings is case-sensitive. Check the result of the conversion,Check the string comparison.
AdventureWorks2019.Person,7831,9,8.0,2.0,For newid() function you must install extension `uuid-ossp`,Check the database settings.
AdventureWorks2019.Person,7833,1,2.0,0.5,Migration @@rowcount function in current context is not supported,Perform a manual conversion.
AdventureWorks2019.Person,7937,1,8.0,8.0,Automatic conversion of indexed views is not supported,Perform a manual conversion.
AdventureWorks2019.Person,9994,2,40.0,40.0,Unable to convert objects,Perform manual conversion.
AdventureWorks2019.Person,9997,12,0.0,0.3,Unable to resolve objects,"Verify if the unresolved object is present in the database. If it isn't, check the object name or add the object. If the object is present, transform the code manually."
