"Category","Occurrence","Action item","Subject","Group","Description","Documentation references","Recommended action","Filtered","Estimated complexity","Line","Position","Source","Target","Server IP address and port","Database name","Schema name"
"procedure","Schemas.DMS_SAMPLE.Procedures.GENERATESEATS","103","/*+ APPEND */","Unable to convert hints","MySQL doesn't support the /*+ APPEND */ hint","https://dev.mysql.com/doc/refman/8.0/en/controlling-optimizer.html","Use MySQL methods of performance tuning.","","Simple","56","2041","Oracle_TCP_1521","<MySQL (virtual)>","dmaf-test-instance.cr4trrvge8rz.us-east-1.rds.amazonaws.com:1521","DMAFDB","DMS_SAMPLE"
"procedure","Schemas.DMS_SAMPLE.Procedures.GENERATE_TICKETS","103","/*+ APPEND */","Unable to convert hints","MySQL doesn't support the /*+ APPEND */ hint","https://dev.mysql.com/doc/refman/8.0/en/controlling-optimizer.html","Use MySQL methods of performance tuning.","","Simple","13","290","Oracle_TCP_1521","<MySQL (virtual)>","dmaf-test-instance.cr4trrvge8rz.us-east-1.rds.amazonaws.com:1521","DMAFDB","DMS_SAMPLE"
"procedure","Schemas.DMS_SAMPLE.Procedures.GENERATESEATS","118","","MySQL doesn't support the table type","MySQL doesn't support the table type","https://dev.mysql.com/doc/refman/8.0/en/create-table.html","Use an ordinary table.","","Medium","6","121","Oracle_TCP_1521","<MySQL (virtual)>","dmaf-test-instance.cr4trrvge8rz.us-east-1.rds.amazonaws.com:1521","DMAFDB","DMS_SAMPLE"
"procedure","Schemas.DMS_SAMPLE.Procedures.GENERATESEATS","118","","MySQL doesn't support the table type","MySQL doesn't support the table type","https://dev.mysql.com/doc/refman/8.0/en/create-table.html","Use an ordinary table.","","Medium","9","207","Oracle_TCP_1521","<MySQL (virtual)>","dmaf-test-instance.cr4trrvge8rz.us-east-1.rds.amazonaws.com:1521","DMAFDB","DMS_SAMPLE"
"procedure","Schemas.DMS_SAMPLE.Procedures.GENERATESEATS","119","","MySQL doesn't support collection methods","MySQL doesn't support collection methods","https://dev.mysql.com/doc/refman/8.0/en/create-table.html","Use an ordinary table.","","Medium","58","2135","Oracle_TCP_1521","<MySQL (virtual)>","dmaf-test-instance.cr4trrvge8rz.us-east-1.rds.amazonaws.com:1521","DMAFDB","DMS_SAMPLE"
"procedure","Schemas.DMS_SAMPLE.Procedures.GENERATESEATS","119","","MySQL doesn't support collection methods","MySQL doesn't support collection methods","https://dev.mysql.com/doc/refman/8.0/en/create-table.html","Use an ordinary table.","","Medium","70","2362","Oracle_TCP_1521","<MySQL (virtual)>","dmaf-test-instance.cr4trrvge8rz.us-east-1.rds.amazonaws.com:1521","DMAFDB","DMS_SAMPLE"
"procedure","Schemas.DMS_SAMPLE.Procedures.GENERATESEATS","121","","MySQL doesn't support the FORALL statement","MySQL doesn't support the FORALL statement","https://dev.mysql.com/doc/refman/8.0/en/while.html","Use a WHILE DO statement.","","Complex","55","1976","Oracle_TCP_1521","<MySQL (virtual)>","dmaf-test-instance.cr4trrvge8rz.us-east-1.rds.amazonaws.com:1521","DMAFDB","DMS_SAMPLE"
"procedure","Schemas.DMS_SAMPLE.Procedures.GENERATESEATS","121","","MySQL doesn't support the FORALL statement","MySQL doesn't support the FORALL statement","https://dev.mysql.com/doc/refman/8.0/en/while.html","Use a WHILE DO statement.","","Complex","67","2268","Oracle_TCP_1521","<MySQL (virtual)>","dmaf-test-instance.cr4trrvge8rz.us-east-1.rds.amazonaws.com:1521","DMAFDB","DMS_SAMPLE"
"procedure","Schemas.DMS_SAMPLE.Procedures.GENERATESEATS","218","","MySQL doesn't support user types","MySQL doesn't support user types","https://dev.mysql.com/doc/refman/8.0/en/create-procedure.html","Revise your architecture with a custom solution to substitute the user type using.","","Complex","6","121","Oracle_TCP_1521","<MySQL (virtual)>","dmaf-test-instance.cr4trrvge8rz.us-east-1.rds.amazonaws.com:1521","DMAFDB","DMS_SAMPLE"
"procedure","Schemas.DMS_SAMPLE.Procedures.GENERATESEATS","218","","MySQL doesn't support user types","MySQL doesn't support user types","https://dev.mysql.com/doc/refman/8.0/en/create-procedure.html","Revise your architecture with a custom solution to substitute the user type using.","","Complex","7","186","Oracle_TCP_1521","<MySQL (virtual)>","dmaf-test-instance.cr4trrvge8rz.us-east-1.rds.amazonaws.com:1521","DMAFDB","DMS_SAMPLE"
"procedure","Schemas.DMS_SAMPLE.Procedures.GENERATESEATS","218","","MySQL doesn't support user types","MySQL doesn't support user types","https://dev.mysql.com/doc/refman/8.0/en/create-procedure.html","Revise your architecture with a custom solution to substitute the user type using.","","Complex","9","207","Oracle_TCP_1521","<MySQL (virtual)>","dmaf-test-instance.cr4trrvge8rz.us-east-1.rds.amazonaws.com:1521","DMAFDB","DMS_SAMPLE"
"procedure","Schemas.DMS_SAMPLE.Procedures.GENERATESEATS","218","","MySQL doesn't support user types","MySQL doesn't support user types","https://dev.mysql.com/doc/refman/8.0/en/create-procedure.html","Revise your architecture with a custom solution to substitute the user type using.","","Complex","10","283","Oracle_TCP_1521","<MySQL (virtual)>","dmaf-test-instance.cr4trrvge8rz.us-east-1.rds.amazonaws.com:1521","DMAFDB","DMS_SAMPLE"
"procedure","Schemas.DMS_SAMPLE.Procedures.GENERATESEATS","218","","MySQL doesn't support user types","MySQL doesn't support user types","https://dev.mysql.com/doc/refman/8.0/en/create-procedure.html","Revise your architecture with a custom solution to substitute the user type using.","","Complex","26","647","Oracle_TCP_1521","<MySQL (virtual)>","dmaf-test-instance.cr4trrvge8rz.us-east-1.rds.amazonaws.com:1521","DMAFDB","DMS_SAMPLE"
"procedure","Schemas.DMS_SAMPLE.Procedures.GENERATESEATS","218","","MySQL doesn't support user types","MySQL doesn't support user types","https://dev.mysql.com/doc/refman/8.0/en/create-procedure.html","Revise your architecture with a custom solution to substitute the user type using.","","Complex","27","738","Oracle_TCP_1521","<MySQL (virtual)>","dmaf-test-instance.cr4trrvge8rz.us-east-1.rds.amazonaws.com:1521","DMAFDB","DMS_SAMPLE"
"procedure","Schemas.DMS_SAMPLE.Procedures.GENERATESEATS","218","","MySQL doesn't support user types","MySQL doesn't support user types","https://dev.mysql.com/doc/refman/8.0/en/create-procedure.html","Revise your architecture with a custom solution to substitute the user type using.","","Complex","28","831","Oracle_TCP_1521","<MySQL (virtual)>","dmaf-test-instance.cr4trrvge8rz.us-east-1.rds.amazonaws.com:1521","DMAFDB","DMS_SAMPLE"
"procedure","Schemas.DMS_SAMPLE.Procedures.GENERATESEATS","218","","MySQL doesn't support user types","MySQL doesn't support user types","https://dev.mysql.com/doc/refman/8.0/en/create-procedure.html","Revise your architecture with a custom solution to substitute the user type using.","","Complex","29","925","Oracle_TCP_1521","<MySQL (virtual)>","dmaf-test-instance.cr4trrvge8rz.us-east-1.rds.amazonaws.com:1521","DMAFDB","DMS_SAMPLE"
"procedure","Schemas.DMS_SAMPLE.Procedures.GENERATESEATS","218","","MySQL doesn't support user types","MySQL doesn't support user types","https://dev.mysql.com/doc/refman/8.0/en/create-procedure.html","Revise your architecture with a custom solution to substitute the user type using.","","Complex","30","1023","Oracle_TCP_1521","<MySQL (virtual)>","dmaf-test-instance.cr4trrvge8rz.us-east-1.rds.amazonaws.com:1521","DMAFDB","DMS_SAMPLE"
"procedure","Schemas.DMS_SAMPLE.Procedures.GENERATESEATS","218","","MySQL doesn't support user types","MySQL doesn't support user types","https://dev.mysql.com/doc/refman/8.0/en/create-procedure.html","Revise your architecture with a custom solution to substitute the user type using.","","Complex","46","1564","Oracle_TCP_1521","<MySQL (virtual)>","dmaf-test-instance.cr4trrvge8rz.us-east-1.rds.amazonaws.com:1521","DMAFDB","DMS_SAMPLE"
"procedure","Schemas.DMS_SAMPLE.Procedures.GENERATESEATS","218","","MySQL doesn't support user types","MySQL doesn't support user types","https://dev.mysql.com/doc/refman/8.0/en/create-procedure.html","Revise your architecture with a custom solution to substitute the user type using.","","Complex","47","1610","Oracle_TCP_1521","<MySQL (virtual)>","dmaf-test-instance.cr4trrvge8rz.us-east-1.rds.amazonaws.com:1521","DMAFDB","DMS_SAMPLE"
"procedure","Schemas.DMS_SAMPLE.Procedures.GENERATESEATS","218","","MySQL doesn't support user types","MySQL doesn't support user types","https://dev.mysql.com/doc/refman/8.0/en/create-procedure.html","Revise your architecture with a custom solution to substitute the user type using.","","Complex","48","1658","Oracle_TCP_1521","<MySQL (virtual)>","dmaf-test-instance.cr4trrvge8rz.us-east-1.rds.amazonaws.com:1521","DMAFDB","DMS_SAMPLE"
"procedure","Schemas.DMS_SAMPLE.Procedures.GENERATESEATS","218","","MySQL doesn't support user types","MySQL doesn't support user types","https://dev.mysql.com/doc/refman/8.0/en/create-procedure.html","Revise your architecture with a custom solution to substitute the user type using.","","Complex","49","1718","Oracle_TCP_1521","<MySQL (virtual)>","dmaf-test-instance.cr4trrvge8rz.us-east-1.rds.amazonaws.com:1521","DMAFDB","DMS_SAMPLE"
"procedure","Schemas.DMS_SAMPLE.Procedures.GENERATESEATS","218","","MySQL doesn't support user types","MySQL doesn't support user types","https://dev.mysql.com/doc/refman/8.0/en/create-procedure.html","Revise your architecture with a custom solution to substitute the user type using.","","Complex","50","1758","Oracle_TCP_1521","<MySQL (virtual)>","dmaf-test-instance.cr4trrvge8rz.us-east-1.rds.amazonaws.com:1521","DMAFDB","DMS_SAMPLE"
"procedure","Schemas.DMS_SAMPLE.Procedures.GENERATESEATS","218","","MySQL doesn't support user types","MySQL doesn't support user types","https://dev.mysql.com/doc/refman/8.0/en/create-procedure.html","Revise your architecture with a custom solution to substitute the user type using.","","Complex","51","1817","Oracle_TCP_1521","<MySQL (virtual)>","dmaf-test-instance.cr4trrvge8rz.us-east-1.rds.amazonaws.com:1521","DMAFDB","DMS_SAMPLE"
"procedure","Schemas.DMS_SAMPLE.Procedures.GENERATESEATS","218","","MySQL doesn't support user types","MySQL doesn't support user types","https://dev.mysql.com/doc/refman/8.0/en/create-procedure.html","Revise your architecture with a custom solution to substitute the user type using.","","Complex","51","1845","Oracle_TCP_1521","<MySQL (virtual)>","dmaf-test-instance.cr4trrvge8rz.us-east-1.rds.amazonaws.com:1521","DMAFDB","DMS_SAMPLE"
"procedure","Schemas.DMS_SAMPLE.Procedures.GENERATESEATS","218","","MySQL doesn't support user types","MySQL doesn't support user types","https://dev.mysql.com/doc/refman/8.0/en/create-procedure.html","Revise your architecture with a custom solution to substitute the user type using.","","Complex","55","1999","Oracle_TCP_1521","<MySQL (virtual)>","dmaf-test-instance.cr4trrvge8rz.us-east-1.rds.amazonaws.com:1521","DMAFDB","DMS_SAMPLE"
"procedure","Schemas.DMS_SAMPLE.Procedures.GENERATESEATS","218","","MySQL doesn't support user types","MySQL doesn't support user types","https://dev.mysql.com/doc/refman/8.0/en/create-procedure.html","Revise your architecture with a custom solution to substitute the user type using.","","Complex","67","2291","Oracle_TCP_1521","<MySQL (virtual)>","dmaf-test-instance.cr4trrvge8rz.us-east-1.rds.amazonaws.com:1521","DMAFDB","DMS_SAMPLE"
"procedure","Schemas.DMS_SAMPLE.Procedures.GENERATESEATS","340","SYS.DBMS_RANDOM.VALUE(NUMBER,NUMBER)","Unable to convert functions","MySQL doesn't support the SYS.DBMS_RANDOM.VALUE(NUMBER,NUMBER) function","https://dev.mysql.com/doc/refman/8.0/en/string-functions.html","Create a user-defined function.","","Complex","36","1179","Oracle_TCP_1521","<MySQL (virtual)>","dmaf-test-instance.cr4trrvge8rz.us-east-1.rds.amazonaws.com:1521","DMAFDB","DMS_SAMPLE"
"procedure","Schemas.DMS_SAMPLE.Procedures.GENERATESEATS","340","STANDARD.TRUNC(BINARY_FLOAT)","Unable to convert functions","MySQL doesn't support the STANDARD.TRUNC(BINARY_FLOAT) function","https://dev.mysql.com/doc/refman/8.0/en/string-functions.html","Create a user-defined function.","","Complex","37","1256","Oracle_TCP_1521","<MySQL (virtual)>","dmaf-test-instance.cr4trrvge8rz.us-east-1.rds.amazonaws.com:1521","DMAFDB","DMS_SAMPLE"
"procedure","Schemas.DMS_SAMPLE.Procedures.GENERATE_TICKETS","340","SYS.DBMS_RANDOM.VALUE(NUMBER,NUMBER)","Unable to convert functions","MySQL doesn't support the SYS.DBMS_RANDOM.VALUE(NUMBER,NUMBER) function","https://dev.mysql.com/doc/refman/8.0/en/string-functions.html","Create a user-defined function.","","Complex","10","213","Oracle_TCP_1521","<MySQL (virtual)>","dmaf-test-instance.cr4trrvge8rz.us-east-1.rds.amazonaws.com:1521","DMAFDB","DMS_SAMPLE"
"procedure","Schemas.DMS_SAMPLE.Procedures.GENERATESEATS","9996","Transformer error occurred","Internal Converter error occurred","Transformer error occurred","","Please submit report to developers.","","Complex","34","1111","Oracle_TCP_1521","<MySQL (virtual)>","dmaf-test-instance.cr4trrvge8rz.us-east-1.rds.amazonaws.com:1521","DMAFDB","DMS_SAMPLE"
