Schema,Action item,Number of occurrences,Learning curve efforts,Efforts to convert an occurrence of the action item,Action item description,Recommended action
DMS_SAMPLE,103,2,40.0,0.1,Unable to convert hints,Use MySQL methods of performance tuning.
DMS_SAMPLE,118,2,40.0,4.0,MySQL doesn't support the table type,Use an ordinary table.
DMS_SAMPLE,119,2,40.0,4.0,MySQL doesn't support collection methods,Use an ordinary table.
DMS_SAMPLE,121,2,8.0,8.0,MySQL doesn't support the FORALL statement,Use a WHILE DO statement.
DMS_SAMPLE,218,18,40.0,40.0,MySQL doesn't support user types,Revise your architecture with a custom solution to substitute the user type using.
DMS_SAMPLE,340,3,40.0,8.0,Unable to convert functions,Create a user-defined function.
DMS_SAMPLE,9996,1,40.0,40.0,Internal Converter error occurred,Please submit report to developers.
