"Category","Number of objects","Objects automatically converted","Objects with simple actions","Objects with medium-complexity actions","Objects with complex actions","Total lines of code"
"SEQUENCE","5","5","0","0","0","26"
"PROCEDURE","6","4","2","0","0","272"
"TRIGGER","3","3","0","0","0","27"
"INDEX","9","9","0","0","0","99"
"CONSTRAINT","32","32","0","0","0","56"
"TABLE","16","16","0","0","0","401"
"SCHEMA","1","1","0","0","0","1"
"SQL_syntax_elements_number","3927","3927","","",""
"Storage_objects_count","63","63","","",""
"Code_objects_count","9","9","","",""

"Source database: DMS_SAMPLE.Oracle_TCP_1521"
"Oracle Database 19c Standard Edition 2 19.14.0.0.0 (Production), Standard edition"
