"Category","Number of objects","Objects automatically converted","Objects with simple actions","Objects with medium-complexity actions","Objects with complex actions","Total lines of code"
"XML_SCHEMA_COLLECTION","2","0","0","0","2","4"
"VIEW","2","0","1","0","1","65"
"TRIGGER","1","0","0","0","1","36"
"INDEX","27","21","5","0","1","54"
"CONSTRAINT","29","28","1","0","0","72"
"TABLE","13","4","9","0","0","109"
"SCHEMA","1","1","0","0","0","1"
"SQL_syntax_elements_number","1975","1810","","",""
"Storage_objects_count","72","69","","",""
"Code_objects_count","3","1","","",""

"Source database: AdventureWorks2019.Person.MSSQL_Server_AdvWorks"
"Microsoft SQL Server 2019 (RTM-CU14) (KB5007182) - 15.0.4188.2 (X64) Nov  3 2021 19:19:51 "
"Copyright (C) 2019 Microsoft Corporation"
"Express Edition (64-bit) on Linux (Red Hat Enterprise Linux 8.4 (Ootpa)) <X64>"
"Case sensitivity: OFF"
