"Category","Occurrence","Action item","Subject","Group","Description","Documentation references","Recommended action","Filtered","Estimated complexity","Line","Position","Source","Target","Server IP address and port","Database name","Schema name"
"xml schema collection","Databases.AdventureWorks2019.Schemas.Person.XML Schema Collections.AdditionalContactInfoSchemaCollection","9994","XML Schema Collections","Unable to convert objects","Unable to convert objects of the XML Schema Collections category","","Perform manual conversion.","","Complex","","","MSSQL_Server_AdvWorks","<PostgreSQL (virtual)>","ec2-3-85-234-44.compute-1.amazonaws.com:1433","","AdventureWorks2019.Person"
"xml schema collection","Databases.AdventureWorks2019.Schemas.Person.XML Schema Collections.IndividualSurveySchemaCollection","9994","XML Schema Collections","Unable to convert objects","Unable to convert objects of the XML Schema Collections category","","Perform manual conversion.","","Complex","","","MSSQL_Server_AdvWorks","<PostgreSQL (virtual)>","ec2-3-85-234-44.compute-1.amazonaws.com:1433","","AdventureWorks2019.Person"
"view","Databases.AdventureWorks2019.Schemas.Person.Views.vStateProvinceCountryRegion","7634","","PostgreSQL doesn't support the SCHEMABINDING option. Automatic conversion ignores this clause","PostgreSQL doesn't support the SCHEMABINDING option. Automatic conversion ignores this clause","","Use CREATE VIEW without this option.","","Simple","","","MSSQL_Server_AdvWorks","<PostgreSQL (virtual)>","ec2-3-85-234-44.compute-1.amazonaws.com:1433","","AdventureWorks2019.Person"
"view","Databases.AdventureWorks2019.Schemas.Person.Views.vStateProvinceCountryRegion: Line 15:403","7795","","PostgreSQL in operations with strings is case-sensitive. Check the result of the conversion","PostgreSQL in operations with strings is case-sensitive. Check the result of the conversion","","Check the string comparison.","","Simple","15","403","MSSQL_Server_AdvWorks","<PostgreSQL (virtual)>","ec2-3-85-234-44.compute-1.amazonaws.com:1433","","AdventureWorks2019.Person"
"view","Databases.AdventureWorks2019.Schemas.Person.Views.vAdditionalContactInfo: Line 9:148","7708","XML.VALUE(VARCHAR,VARCHAR)","Unable convert variable usage of unsupported datatype","Unable convert complex usage of unsupported XML.VALUE(VARCHAR,VARCHAR) datatype","","Perform a manual conversion.","","Complex","9","148","MSSQL_Server_AdvWorks","<PostgreSQL (virtual)>","ec2-3-85-234-44.compute-1.amazonaws.com:1433","","AdventureWorks2019.Person"
"view","Databases.AdventureWorks2019.Schemas.Person.Views.vAdditionalContactInfo: Line 12:488","7708","XML.VALUE(VARCHAR,VARCHAR)","Unable convert variable usage of unsupported datatype","Unable convert complex usage of unsupported XML.VALUE(VARCHAR,VARCHAR) datatype","","Perform a manual conversion.","","Complex","12","488","MSSQL_Server_AdvWorks","<PostgreSQL (virtual)>","ec2-3-85-234-44.compute-1.amazonaws.com:1433","","AdventureWorks2019.Person"
"view","Databases.AdventureWorks2019.Schemas.Person.Views.vAdditionalContactInfo: Line 15:852","7708","XML.VALUE(VARCHAR,VARCHAR)","Unable convert variable usage of unsupported datatype","Unable convert complex usage of unsupported XML.VALUE(VARCHAR,VARCHAR) datatype","","Perform a manual conversion.","","Complex","15","852","MSSQL_Server_AdvWorks","<PostgreSQL (virtual)>","ec2-3-85-234-44.compute-1.amazonaws.com:1433","","AdventureWorks2019.Person"
"view","Databases.AdventureWorks2019.Schemas.Person.Views.vAdditionalContactInfo: Line 18:1172","7708","XML.VALUE(VARCHAR,VARCHAR)","Unable convert variable usage of unsupported datatype","Unable convert complex usage of unsupported XML.VALUE(VARCHAR,VARCHAR) datatype","","Perform a manual conversion.","","Complex","18","1172","MSSQL_Server_AdvWorks","<PostgreSQL (virtual)>","ec2-3-85-234-44.compute-1.amazonaws.com:1433","","AdventureWorks2019.Person"
"view","Databases.AdventureWorks2019.Schemas.Person.Views.vAdditionalContactInfo: Line 21:1489","7708","XML.VALUE(VARCHAR,VARCHAR)","Unable convert variable usage of unsupported datatype","Unable convert complex usage of unsupported XML.VALUE(VARCHAR,VARCHAR) datatype","","Perform a manual conversion.","","Complex","21","1489","MSSQL_Server_AdvWorks","<PostgreSQL (virtual)>","ec2-3-85-234-44.compute-1.amazonaws.com:1433","","AdventureWorks2019.Person"
"view","Databases.AdventureWorks2019.Schemas.Person.Views.vAdditionalContactInfo: Line 24:1824","7708","XML.VALUE(VARCHAR,VARCHAR)","Unable convert variable usage of unsupported datatype","Unable convert complex usage of unsupported XML.VALUE(VARCHAR,VARCHAR) datatype","","Perform a manual conversion.","","Complex","24","1824","MSSQL_Server_AdvWorks","<PostgreSQL (virtual)>","ec2-3-85-234-44.compute-1.amazonaws.com:1433","","AdventureWorks2019.Person"
"view","Databases.AdventureWorks2019.Schemas.Person.Views.vAdditionalContactInfo: Line 27:2153","7708","XML.VALUE(VARCHAR,VARCHAR)","Unable convert variable usage of unsupported datatype","Unable convert complex usage of unsupported XML.VALUE(VARCHAR,VARCHAR) datatype","","Perform a manual conversion.","","Complex","27","2153","MSSQL_Server_AdvWorks","<PostgreSQL (virtual)>","ec2-3-85-234-44.compute-1.amazonaws.com:1433","","AdventureWorks2019.Person"
"view","Databases.AdventureWorks2019.Schemas.Person.Views.vAdditionalContactInfo: Line 30:2488","7708","XML.VALUE(VARCHAR,VARCHAR)","Unable convert variable usage of unsupported datatype","Unable convert complex usage of unsupported XML.VALUE(VARCHAR,VARCHAR) datatype","","Perform a manual conversion.","","Complex","30","2488","MSSQL_Server_AdvWorks","<PostgreSQL (virtual)>","ec2-3-85-234-44.compute-1.amazonaws.com:1433","","AdventureWorks2019.Person"
"view","Databases.AdventureWorks2019.Schemas.Person.Views.vAdditionalContactInfo: Line 33:2854","7708","XML.VALUE(VARCHAR,VARCHAR)","Unable convert variable usage of unsupported datatype","Unable convert complex usage of unsupported XML.VALUE(VARCHAR,VARCHAR) datatype","","Perform a manual conversion.","","Complex","33","2854","MSSQL_Server_AdvWorks","<PostgreSQL (virtual)>","ec2-3-85-234-44.compute-1.amazonaws.com:1433","","AdventureWorks2019.Person"
"view","Databases.AdventureWorks2019.Schemas.Person.Views.vAdditionalContactInfo: Line 36:3188","7708","XML.VALUE(VARCHAR,VARCHAR)","Unable convert variable usage of unsupported datatype","Unable convert complex usage of unsupported XML.VALUE(VARCHAR,VARCHAR) datatype","","Perform a manual conversion.","","Complex","36","3188","MSSQL_Server_AdvWorks","<PostgreSQL (virtual)>","ec2-3-85-234-44.compute-1.amazonaws.com:1433","","AdventureWorks2019.Person"
"view","Databases.AdventureWorks2019.Schemas.Person.Views.vAdditionalContactInfo: Line 39:3538","7708","XML.VALUE(VARCHAR,VARCHAR)","Unable convert variable usage of unsupported datatype","Unable convert complex usage of unsupported XML.VALUE(VARCHAR,VARCHAR) datatype","","Perform a manual conversion.","","Complex","39","3538","MSSQL_Server_AdvWorks","<PostgreSQL (virtual)>","ec2-3-85-234-44.compute-1.amazonaws.com:1433","","AdventureWorks2019.Person"
"view","Databases.AdventureWorks2019.Schemas.Person.Views.vAdditionalContactInfo: Line 45:3974","7708","XML.NODES(VARCHAR)","Unable convert variable usage of unsupported datatype","Unable convert complex usage of unsupported XML.NODES(VARCHAR) datatype","","Perform a manual conversion.","","Complex","45","3974","MSSQL_Server_AdvWorks","<PostgreSQL (virtual)>","ec2-3-85-234-44.compute-1.amazonaws.com:1433","","AdventureWorks2019.Person"
"trigger","Databases.AdventureWorks2019.Schemas.Person.Tables.Person.Triggers.iuPerson: Line 7:157","7833","","Migration @@rowcount function in current context is not supported","Migration @@rowcount function in current context is not supported","","Perform a manual conversion.","","Simple","7","157","MSSQL_Server_AdvWorks","<PostgreSQL (virtual)>","ec2-3-85-234-44.compute-1.amazonaws.com:1433","","AdventureWorks2019.Person"
"trigger","Databases.AdventureWorks2019.Schemas.Person.Tables.Person.Triggers.iuPerson: Line 16:361","9997","Person","Unable to resolve objects","Unable to resolve the object Person","","Verify if the unresolved object is present in the database. If it isn't, check the object name or add the object. If the object is present, transform the code manually.","","Simple","16","361","MSSQL_Server_AdvWorks","<PostgreSQL (virtual)>","ec2-3-85-234-44.compute-1.amazonaws.com:1433","","AdventureWorks2019.Person"
"trigger","Databases.AdventureWorks2019.Schemas.Person.Tables.Person.Triggers.iuPerson: Line 16:370","9997","Demographics","Unable to resolve objects","Unable to resolve the object Demographics","","Verify if the unresolved object is present in the database. If it isn't, check the object name or add the object. If the object is present, transform the code manually.","","Simple","16","370","MSSQL_Server_AdvWorks","<PostgreSQL (virtual)>","ec2-3-85-234-44.compute-1.amazonaws.com:1433","","AdventureWorks2019.Person"
"trigger","Databases.AdventureWorks2019.Schemas.Person.Tables.Person.Triggers.iuPerson: Line 20:636","9997","Person","Unable to resolve objects","Unable to resolve the object Person","","Verify if the unresolved object is present in the database. If it isn't, check the object name or add the object. If the object is present, transform the code manually.","","Simple","20","636","MSSQL_Server_AdvWorks","<PostgreSQL (virtual)>","ec2-3-85-234-44.compute-1.amazonaws.com:1433","","AdventureWorks2019.Person"
"trigger","Databases.AdventureWorks2019.Schemas.Person.Tables.Person.Triggers.iuPerson: Line 20:645","9997","BusinessEntityID","Unable to resolve objects","Unable to resolve the object BusinessEntityID","","Verify if the unresolved object is present in the database. If it isn't, check the object name or add the object. If the object is present, transform the code manually.","","Simple","20","645","MSSQL_Server_AdvWorks","<PostgreSQL (virtual)>","ec2-3-85-234-44.compute-1.amazonaws.com:1433","","AdventureWorks2019.Person"
"trigger","Databases.AdventureWorks2019.Schemas.Person.Tables.Person.Triggers.iuPerson: Line 20:675","9997","BusinessEntityID","Unable to resolve objects","Unable to resolve the object BusinessEntityID","","Verify if the unresolved object is present in the database. If it isn't, check the object name or add the object. If the object is present, transform the code manually.","","Simple","20","675","MSSQL_Server_AdvWorks","<PostgreSQL (virtual)>","ec2-3-85-234-44.compute-1.amazonaws.com:1433","","AdventureWorks2019.Person"
"trigger","Databases.AdventureWorks2019.Schemas.Person.Tables.Person.Triggers.iuPerson: Line 21:721","9997","Demographics","Unable to resolve objects","Unable to resolve the object Demographics","","Verify if the unresolved object is present in the database. If it isn't, check the object name or add the object. If the object is present, transform the code manually.","","Simple","21","721","MSSQL_Server_AdvWorks","<PostgreSQL (virtual)>","ec2-3-85-234-44.compute-1.amazonaws.com:1433","","AdventureWorks2019.Person"
"trigger","Databases.AdventureWorks2019.Schemas.Person.Tables.Person.Triggers.iuPerson: Line 29:1123","9997","Person","Unable to resolve objects","Unable to resolve the object Person","","Verify if the unresolved object is present in the database. If it isn't, check the object name or add the object. If the object is present, transform the code manually.","","Simple","29","1123","MSSQL_Server_AdvWorks","<PostgreSQL (virtual)>","ec2-3-85-234-44.compute-1.amazonaws.com:1433","","AdventureWorks2019.Person"
"trigger","Databases.AdventureWorks2019.Schemas.Person.Tables.Person.Triggers.iuPerson: Line 29:1132","9997","BusinessEntityID","Unable to resolve objects","Unable to resolve the object BusinessEntityID","","Verify if the unresolved object is present in the database. If it isn't, check the object name or add the object. If the object is present, transform the code manually.","","Simple","29","1132","MSSQL_Server_AdvWorks","<PostgreSQL (virtual)>","ec2-3-85-234-44.compute-1.amazonaws.com:1433","","AdventureWorks2019.Person"
"trigger","Databases.AdventureWorks2019.Schemas.Person.Tables.Person.Triggers.iuPerson: Line 29:1162","9997","BusinessEntityID","Unable to resolve objects","Unable to resolve the object BusinessEntityID","","Verify if the unresolved object is present in the database. If it isn't, check the object name or add the object. If the object is present, transform the code manually.","","Simple","29","1162","MSSQL_Server_AdvWorks","<PostgreSQL (virtual)>","ec2-3-85-234-44.compute-1.amazonaws.com:1433","","AdventureWorks2019.Person"
"trigger","Databases.AdventureWorks2019.Schemas.Person.Tables.Person.Triggers.iuPerson: Line 30:1208","9997","Demographics","Unable to resolve objects","Unable to resolve the object Demographics","","Verify if the unresolved object is present in the database. If it isn't, check the object name or add the object. If the object is present, transform the code manually.","","Simple","30","1208","MSSQL_Server_AdvWorks","<PostgreSQL (virtual)>","ec2-3-85-234-44.compute-1.amazonaws.com:1433","","AdventureWorks2019.Person"
"trigger","Databases.AdventureWorks2019.Schemas.Person.Tables.Person.Triggers.iuPerson: Line 31:1262","9997","Demographics","Unable to resolve objects","Unable to resolve the object Demographics","","Verify if the unresolved object is present in the database. If it isn't, check the object name or add the object. If the object is present, transform the code manually.","","Simple","31","1262","MSSQL_Server_AdvWorks","<PostgreSQL (virtual)>","ec2-3-85-234-44.compute-1.amazonaws.com:1433","","AdventureWorks2019.Person"
"trigger","Databases.AdventureWorks2019.Schemas.Person.Tables.Person.Triggers.iuPerson: Line 31:1277","9997","exist","Unable to resolve objects","Unable to resolve the object exist","","Verify if the unresolved object is present in the database. If it isn't, check the object name or add the object. If the object is present, transform the code manually.","","Simple","31","1277","MSSQL_Server_AdvWorks","<PostgreSQL (virtual)>","ec2-3-85-234-44.compute-1.amazonaws.com:1433","","AdventureWorks2019.Person"
"trigger","Databases.AdventureWorks2019.Schemas.Person.Tables.Person.Triggers.iuPerson: Line 24:803","7708","XML.MODIFY(VARCHAR)","Unable convert variable usage of unsupported datatype","Unable convert complex usage of unsupported XML.MODIFY(VARCHAR) datatype","","Perform a manual conversion.","","Complex","24","803","MSSQL_Server_AdvWorks","<PostgreSQL (virtual)>","ec2-3-85-234-44.compute-1.amazonaws.com:1433","","AdventureWorks2019.Person"
"index","Databases.AdventureWorks2019.Schemas.Person.Tables.Person.Indexes.PXML_Person_AddContact","7791","","PostgreSQL doesn't support the DATA_COMPRESSION option in indexes","PostgreSQL doesn't support the DATA_COMPRESSION option in indexes","","Use index without this option.","","Simple","","","MSSQL_Server_AdvWorks","<PostgreSQL (virtual)>","ec2-3-85-234-44.compute-1.amazonaws.com:1433","","AdventureWorks2019.Person"
"index","Databases.AdventureWorks2019.Schemas.Person.Tables.Person.Indexes.PXML_Person_Demographics","7791","","PostgreSQL doesn't support the DATA_COMPRESSION option in indexes","PostgreSQL doesn't support the DATA_COMPRESSION option in indexes","","Use index without this option.","","Simple","","","MSSQL_Server_AdvWorks","<PostgreSQL (virtual)>","ec2-3-85-234-44.compute-1.amazonaws.com:1433","","AdventureWorks2019.Person"
"index","Databases.AdventureWorks2019.Schemas.Person.Tables.Person.Indexes.XMLPATH_Person_Demographics","7791","","PostgreSQL doesn't support the DATA_COMPRESSION option in indexes","PostgreSQL doesn't support the DATA_COMPRESSION option in indexes","","Use index without this option.","","Simple","","","MSSQL_Server_AdvWorks","<PostgreSQL (virtual)>","ec2-3-85-234-44.compute-1.amazonaws.com:1433","","AdventureWorks2019.Person"
"index","Databases.AdventureWorks2019.Schemas.Person.Tables.Person.Indexes.XMLPROPERTY_Person_Demographics","7791","","PostgreSQL doesn't support the DATA_COMPRESSION option in indexes","PostgreSQL doesn't support the DATA_COMPRESSION option in indexes","","Use index without this option.","","Simple","","","MSSQL_Server_AdvWorks","<PostgreSQL (virtual)>","ec2-3-85-234-44.compute-1.amazonaws.com:1433","","AdventureWorks2019.Person"
"index","Databases.AdventureWorks2019.Schemas.Person.Tables.Person.Indexes.XMLVALUE_Person_Demographics","7791","","PostgreSQL doesn't support the DATA_COMPRESSION option in indexes","PostgreSQL doesn't support the DATA_COMPRESSION option in indexes","","Use index without this option.","","Simple","","","MSSQL_Server_AdvWorks","<PostgreSQL (virtual)>","ec2-3-85-234-44.compute-1.amazonaws.com:1433","","AdventureWorks2019.Person"
"index","Databases.AdventureWorks2019.Schemas.Person.Views.vStateProvinceCountryRegion.Indexes.IX_vStateProvinceCountryRegion","7937","","Automatic conversion of indexed views is not supported","Automatic conversion of indexed views is not supported","","Perform a manual conversion.","","Complex","","","MSSQL_Server_AdvWorks","<PostgreSQL (virtual)>","ec2-3-85-234-44.compute-1.amazonaws.com:1433","","AdventureWorks2019.Person"
"constraint","Databases.AdventureWorks2019.Schemas.Person.Tables.Person.Constraints.CK_Person_PersonType: Line 1:26","7795","","PostgreSQL in operations with strings is case-sensitive. Check the result of the conversion","PostgreSQL in operations with strings is case-sensitive. Check the result of the conversion","","Check the string comparison.","","Simple","1","26","MSSQL_Server_AdvWorks","<PostgreSQL (virtual)>","ec2-3-85-234-44.compute-1.amazonaws.com:1433","","AdventureWorks2019.Person"
"constraint","Databases.AdventureWorks2019.Schemas.Person.Tables.Person.Constraints.CK_Person_PersonType: Line 1:54","7795","","PostgreSQL in operations with strings is case-sensitive. Check the result of the conversion","PostgreSQL in operations with strings is case-sensitive. Check the result of the conversion","","Check the string comparison.","","Simple","1","54","MSSQL_Server_AdvWorks","<PostgreSQL (virtual)>","ec2-3-85-234-44.compute-1.amazonaws.com:1433","","AdventureWorks2019.Person"
"constraint","Databases.AdventureWorks2019.Schemas.Person.Tables.Person.Constraints.CK_Person_PersonType: Line 1:82","7795","","PostgreSQL in operations with strings is case-sensitive. Check the result of the conversion","PostgreSQL in operations with strings is case-sensitive. Check the result of the conversion","","Check the string comparison.","","Simple","1","82","MSSQL_Server_AdvWorks","<PostgreSQL (virtual)>","ec2-3-85-234-44.compute-1.amazonaws.com:1433","","AdventureWorks2019.Person"
"constraint","Databases.AdventureWorks2019.Schemas.Person.Tables.Person.Constraints.CK_Person_PersonType: Line 1:110","7795","","PostgreSQL in operations with strings is case-sensitive. Check the result of the conversion","PostgreSQL in operations with strings is case-sensitive. Check the result of the conversion","","Check the string comparison.","","Simple","1","110","MSSQL_Server_AdvWorks","<PostgreSQL (virtual)>","ec2-3-85-234-44.compute-1.amazonaws.com:1433","","AdventureWorks2019.Person"
"constraint","Databases.AdventureWorks2019.Schemas.Person.Tables.Person.Constraints.CK_Person_PersonType: Line 1:138","7795","","PostgreSQL in operations with strings is case-sensitive. Check the result of the conversion","PostgreSQL in operations with strings is case-sensitive. Check the result of the conversion","","Check the string comparison.","","Simple","1","138","MSSQL_Server_AdvWorks","<PostgreSQL (virtual)>","ec2-3-85-234-44.compute-1.amazonaws.com:1433","","AdventureWorks2019.Person"
"constraint","Databases.AdventureWorks2019.Schemas.Person.Tables.Person.Constraints.CK_Person_PersonType: Line 1:166","7795","","PostgreSQL in operations with strings is case-sensitive. Check the result of the conversion","PostgreSQL in operations with strings is case-sensitive. Check the result of the conversion","","Check the string comparison.","","Simple","1","166","MSSQL_Server_AdvWorks","<PostgreSQL (virtual)>","ec2-3-85-234-44.compute-1.amazonaws.com:1433","","AdventureWorks2019.Person"
"table","Databases.AdventureWorks2019.Schemas.Person.Tables.Address.Columns.rowguid: Line 1:1","7831","","For newid() function you must install extension `uuid-ossp`","For newid() function you must install extension `uuid-ossp`","","Check the database settings.","","Simple","1","1","MSSQL_Server_AdvWorks","<PostgreSQL (virtual)>","ec2-3-85-234-44.compute-1.amazonaws.com:1433","","AdventureWorks2019.Person"
"table","Databases.AdventureWorks2019.Schemas.Person.Tables.AddressType.Columns.rowguid: Line 1:1","7831","","For newid() function you must install extension `uuid-ossp`","For newid() function you must install extension `uuid-ossp`","","Check the database settings.","","Simple","1","1","MSSQL_Server_AdvWorks","<PostgreSQL (virtual)>","ec2-3-85-234-44.compute-1.amazonaws.com:1433","","AdventureWorks2019.Person"
"table","Databases.AdventureWorks2019.Schemas.Person.Tables.BusinessEntity.Columns.rowguid: Line 1:1","7831","","For newid() function you must install extension `uuid-ossp`","For newid() function you must install extension `uuid-ossp`","","Check the database settings.","","Simple","1","1","MSSQL_Server_AdvWorks","<PostgreSQL (virtual)>","ec2-3-85-234-44.compute-1.amazonaws.com:1433","","AdventureWorks2019.Person"
"table","Databases.AdventureWorks2019.Schemas.Person.Tables.BusinessEntityAddress.Columns.rowguid: Line 1:1","7831","","For newid() function you must install extension `uuid-ossp`","For newid() function you must install extension `uuid-ossp`","","Check the database settings.","","Simple","1","1","MSSQL_Server_AdvWorks","<PostgreSQL (virtual)>","ec2-3-85-234-44.compute-1.amazonaws.com:1433","","AdventureWorks2019.Person"
"table","Databases.AdventureWorks2019.Schemas.Person.Tables.BusinessEntityContact.Columns.rowguid: Line 1:1","7831","","For newid() function you must install extension `uuid-ossp`","For newid() function you must install extension `uuid-ossp`","","Check the database settings.","","Simple","1","1","MSSQL_Server_AdvWorks","<PostgreSQL (virtual)>","ec2-3-85-234-44.compute-1.amazonaws.com:1433","","AdventureWorks2019.Person"
"table","Databases.AdventureWorks2019.Schemas.Person.Tables.EmailAddress.Columns.rowguid: Line 1:1","7831","","For newid() function you must install extension `uuid-ossp`","For newid() function you must install extension `uuid-ossp`","","Check the database settings.","","Simple","1","1","MSSQL_Server_AdvWorks","<PostgreSQL (virtual)>","ec2-3-85-234-44.compute-1.amazonaws.com:1433","","AdventureWorks2019.Person"
"table","Databases.AdventureWorks2019.Schemas.Person.Tables.Password.Columns.rowguid: Line 1:1","7831","","For newid() function you must install extension `uuid-ossp`","For newid() function you must install extension `uuid-ossp`","","Check the database settings.","","Simple","1","1","MSSQL_Server_AdvWorks","<PostgreSQL (virtual)>","ec2-3-85-234-44.compute-1.amazonaws.com:1433","","AdventureWorks2019.Person"
"table","Databases.AdventureWorks2019.Schemas.Person.Tables.Person.Columns.rowguid: Line 1:1","7831","","For newid() function you must install extension `uuid-ossp`","For newid() function you must install extension `uuid-ossp`","","Check the database settings.","","Simple","1","1","MSSQL_Server_AdvWorks","<PostgreSQL (virtual)>","ec2-3-85-234-44.compute-1.amazonaws.com:1433","","AdventureWorks2019.Person"
"table","Databases.AdventureWorks2019.Schemas.Person.Tables.StateProvince.Columns.rowguid: Line 1:1","7831","","For newid() function you must install extension `uuid-ossp`","For newid() function you must install extension `uuid-ossp`","","Check the database settings.","","Simple","1","1","MSSQL_Server_AdvWorks","<PostgreSQL (virtual)>","ec2-3-85-234-44.compute-1.amazonaws.com:1433","","AdventureWorks2019.Person"
