Schema,Action item,Number of occurrences,Learning curve efforts,Efforts to convert an occurrence of the action item,Action item description,Recommended action
AdventureWorks2019.dbo,7708,8,80.0,40.0,Unable convert variable usage of unsupported datatype,Perform a manual conversion.
AdventureWorks2019.dbo,7809,1,8.0,20.0,PostgreSQL does not support INSTEAD OF triggers on tables,Perform a manual conversion.
AdventureWorks2019.dbo,7811,2,40.0,8.0,Unable to convert functions,Create a user-defined function.
AdventureWorks2019.dbo,7813,2,0.0,2.0,Encrypted Objects,Decrypt the object before conversion.
AdventureWorks2019.dbo,7938,4,1.0,1.0,Automatic conversion of OPTIONS clause is not supported,Perform a manual conversion.
AdventureWorks2019.dbo,9996,4,40.0,40.0,Internal Converter error occurred,Please submit report to developers.
AdventureWorks2019.dbo,9997,8,0.0,0.3,Unable to resolve objects,"Verify if the unresolved object is present in the database. If it isn't, check the object name or add the object. If the object is present, transform the code manually."
