"Category","Occurrence","Action item","Subject","Group","Description","Documentation references","Recommended action","Filtered","Estimated complexity","Line","Position","Source","Target","Server IP address and port","Database name","Schema name"
"scalar function","Databases.AdventureWorks2019.Schemas.dbo.SQL scalar functions.getHash","7813","","Encrypted Objects","Encrypted Objects","","Decrypt the object before conversion.","","Simple","","","MSSQL_Server_AdvWorks","<PostgreSQL (virtual)>","ec2-3-85-234-44.compute-1.amazonaws.com:1433","","AdventureWorks2019.dbo"
"procedure","Databases.AdventureWorks2019.Schemas.dbo.Procedures.TestDecryption","7813","","Encrypted Objects","Encrypted Objects","","Decrypt the object before conversion.","","Simple","","","MSSQL_Server_AdvWorks","<PostgreSQL (virtual)>","ec2-3-85-234-44.compute-1.amazonaws.com:1433","","AdventureWorks2019.dbo"
"procedure","Databases.AdventureWorks2019.Schemas.dbo.Procedures.uspGetBillOfMaterials","7938","","Automatic conversion of OPTIONS clause is not supported","Automatic conversion of OPTIONS clause is not supported","","Perform a manual conversion.","","Simple","36","2125","MSSQL_Server_AdvWorks","<PostgreSQL (virtual)>","ec2-3-85-234-44.compute-1.amazonaws.com:1433","","AdventureWorks2019.dbo"
"procedure","Databases.AdventureWorks2019.Schemas.dbo.Procedures.uspGetEmployeeManagers","7938","","Automatic conversion of OPTIONS clause is not supported","Automatic conversion of OPTIONS clause is not supported","","Perform a manual conversion.","","Simple","33","1797","MSSQL_Server_AdvWorks","<PostgreSQL (virtual)>","ec2-3-85-234-44.compute-1.amazonaws.com:1433","","AdventureWorks2019.dbo"
"procedure","Databases.AdventureWorks2019.Schemas.dbo.Procedures.uspGetManagerEmployees","7938","","Automatic conversion of OPTIONS clause is not supported","Automatic conversion of OPTIONS clause is not supported","","Perform a manual conversion.","","Simple","33","1752","MSSQL_Server_AdvWorks","<PostgreSQL (virtual)>","ec2-3-85-234-44.compute-1.amazonaws.com:1433","","AdventureWorks2019.dbo"
"procedure","Databases.AdventureWorks2019.Schemas.dbo.Procedures.uspGetWhereUsedProductID","7938","","Automatic conversion of OPTIONS clause is not supported","Automatic conversion of OPTIONS clause is not supported","","Perform a manual conversion.","","Simple","34","2023","MSSQL_Server_AdvWorks","<PostgreSQL (virtual)>","ec2-3-85-234-44.compute-1.amazonaws.com:1433","","AdventureWorks2019.dbo"
"procedure","Databases.AdventureWorks2019.Schemas.dbo.Procedures.uspSearchCandidateResumes","9997","RANK","Unable to resolve objects","Unable to resolve the object RANK","","Verify if the unresolved object is present in the database. If it isn't, check the object name or add the object. If the object is present, transform the code manually.","","Simple","27","767","MSSQL_Server_AdvWorks","<PostgreSQL (virtual)>","ec2-3-85-234-44.compute-1.amazonaws.com:1433","","AdventureWorks2019.dbo"
"procedure","Databases.AdventureWorks2019.Schemas.dbo.Procedures.uspSearchCandidateResumes","9997","KEY","Unable to resolve objects","Unable to resolve the object KEY","","Verify if the unresolved object is present in the database. If it isn't, check the object name or add the object. If the object is present, transform the code manually.","","Simple","29","1009","MSSQL_Server_AdvWorks","<PostgreSQL (virtual)>","ec2-3-85-234-44.compute-1.amazonaws.com:1433","","AdventureWorks2019.dbo"
"procedure","Databases.AdventureWorks2019.Schemas.dbo.Procedures.uspSearchCandidateResumes","9997","RANK","Unable to resolve objects","Unable to resolve the object RANK","","Verify if the unresolved object is present in the database. If it isn't, check the object name or add the object. If the object is present, transform the code manually.","","Simple","35","1231","MSSQL_Server_AdvWorks","<PostgreSQL (virtual)>","ec2-3-85-234-44.compute-1.amazonaws.com:1433","","AdventureWorks2019.dbo"
"procedure","Databases.AdventureWorks2019.Schemas.dbo.Procedures.uspSearchCandidateResumes","9997","KEY","Unable to resolve objects","Unable to resolve the object KEY","","Verify if the unresolved object is present in the database. If it isn't, check the object name or add the object. If the object is present, transform the code manually.","","Simple","37","1467","MSSQL_Server_AdvWorks","<PostgreSQL (virtual)>","ec2-3-85-234-44.compute-1.amazonaws.com:1433","","AdventureWorks2019.dbo"
"procedure","Databases.AdventureWorks2019.Schemas.dbo.Procedures.uspSearchCandidateResumes","9997","RANK","Unable to resolve objects","Unable to resolve the object RANK","","Verify if the unresolved object is present in the database. If it isn't, check the object name or add the object. If the object is present, transform the code manually.","","Simple","43","1685","MSSQL_Server_AdvWorks","<PostgreSQL (virtual)>","ec2-3-85-234-44.compute-1.amazonaws.com:1433","","AdventureWorks2019.dbo"
"procedure","Databases.AdventureWorks2019.Schemas.dbo.Procedures.uspSearchCandidateResumes","9997","KEY","Unable to resolve objects","Unable to resolve the object KEY","","Verify if the unresolved object is present in the database. If it isn't, check the object name or add the object. If the object is present, transform the code manually.","","Simple","45","1921","MSSQL_Server_AdvWorks","<PostgreSQL (virtual)>","ec2-3-85-234-44.compute-1.amazonaws.com:1433","","AdventureWorks2019.dbo"
"procedure","Databases.AdventureWorks2019.Schemas.dbo.Procedures.uspSearchCandidateResumes","9997","RANK","Unable to resolve objects","Unable to resolve the object RANK","","Verify if the unresolved object is present in the database. If it isn't, check the object name or add the object. If the object is present, transform the code manually.","","Simple","51","2123","MSSQL_Server_AdvWorks","<PostgreSQL (virtual)>","ec2-3-85-234-44.compute-1.amazonaws.com:1433","","AdventureWorks2019.dbo"
"procedure","Databases.AdventureWorks2019.Schemas.dbo.Procedures.uspSearchCandidateResumes","9997","KEY","Unable to resolve objects","Unable to resolve the object KEY","","Verify if the unresolved object is present in the database. If it isn't, check the object name or add the object. If the object is present, transform the code manually.","","Simple","53","2358","MSSQL_Server_AdvWorks","<PostgreSQL (virtual)>","ec2-3-85-234-44.compute-1.amazonaws.com:1433","","AdventureWorks2019.dbo"
"procedure","Databases.AdventureWorks2019.Schemas.dbo.Procedures.uspGetEmployeeManagers","7708","HIERARCHYID.GETANCESTOR(INT)","Unable convert variable usage of unsupported datatype","Unable convert complex usage of unsupported HIERARCHYID.GETANCESTOR(INT) datatype","","Perform a manual conversion.","","Complex","20","969","MSSQL_Server_AdvWorks","<PostgreSQL (virtual)>","ec2-3-85-234-44.compute-1.amazonaws.com:1433","","AdventureWorks2019.dbo"
"procedure","Databases.AdventureWorks2019.Schemas.dbo.Procedures.uspGetEmployeeManagers","7708","HIERARCHYID.TOSTRING()","Unable convert variable usage of unsupported datatype","Unable convert complex usage of unsupported HIERARCHYID.TOSTRING() datatype","","Perform a manual conversion.","","Complex","26","1308","MSSQL_Server_AdvWorks","<PostgreSQL (virtual)>","ec2-3-85-234-44.compute-1.amazonaws.com:1433","","AdventureWorks2019.dbo"
"procedure","Databases.AdventureWorks2019.Schemas.dbo.Procedures.uspGetEmployeeManagers","7708","HIERARCHYID.GETANCESTOR(INT)","Unable convert variable usage of unsupported datatype","Unable convert complex usage of unsupported HIERARCHYID.GETANCESTOR(INT) datatype","","Perform a manual conversion.","","Complex","29","1556","MSSQL_Server_AdvWorks","<PostgreSQL (virtual)>","ec2-3-85-234-44.compute-1.amazonaws.com:1433","","AdventureWorks2019.dbo"
"procedure","Databases.AdventureWorks2019.Schemas.dbo.Procedures.uspGetEmployeeManagers","7708","HIERARCHYID.TOSTRING()","Unable convert variable usage of unsupported datatype","Unable convert complex usage of unsupported HIERARCHYID.TOSTRING() datatype","","Perform a manual conversion.","","Complex","32","1752","MSSQL_Server_AdvWorks","<PostgreSQL (virtual)>","ec2-3-85-234-44.compute-1.amazonaws.com:1433","","AdventureWorks2019.dbo"
"procedure","Databases.AdventureWorks2019.Schemas.dbo.Procedures.uspGetManagerEmployees","7708","HIERARCHYID.GETANCESTOR(INT)","Unable convert variable usage of unsupported datatype","Unable convert complex usage of unsupported HIERARCHYID.GETANCESTOR(INT) datatype","","Perform a manual conversion.","","Complex","20","927","MSSQL_Server_AdvWorks","<PostgreSQL (virtual)>","ec2-3-85-234-44.compute-1.amazonaws.com:1433","","AdventureWorks2019.dbo"
"procedure","Databases.AdventureWorks2019.Schemas.dbo.Procedures.uspGetManagerEmployees","7708","HIERARCHYID.TOSTRING()","Unable convert variable usage of unsupported datatype","Unable convert complex usage of unsupported HIERARCHYID.TOSTRING() datatype","","Perform a manual conversion.","","Complex","25","1190","MSSQL_Server_AdvWorks","<PostgreSQL (virtual)>","ec2-3-85-234-44.compute-1.amazonaws.com:1433","","AdventureWorks2019.dbo"
"procedure","Databases.AdventureWorks2019.Schemas.dbo.Procedures.uspGetManagerEmployees","7708","HIERARCHYID.GETANCESTOR(INT)","Unable convert variable usage of unsupported datatype","Unable convert complex usage of unsupported HIERARCHYID.GETANCESTOR(INT) datatype","","Perform a manual conversion.","","Complex","29","1521","MSSQL_Server_AdvWorks","<PostgreSQL (virtual)>","ec2-3-85-234-44.compute-1.amazonaws.com:1433","","AdventureWorks2019.dbo"
"procedure","Databases.AdventureWorks2019.Schemas.dbo.Procedures.uspGetManagerEmployees","7708","HIERARCHYID.TOSTRING()","Unable convert variable usage of unsupported datatype","Unable convert complex usage of unsupported HIERARCHYID.TOSTRING() datatype","","Perform a manual conversion.","","Complex","32","1707","MSSQL_Server_AdvWorks","<PostgreSQL (virtual)>","ec2-3-85-234-44.compute-1.amazonaws.com:1433","","AdventureWorks2019.dbo"
"procedure","Databases.AdventureWorks2019.Schemas.dbo.Procedures.uspLogError","7811","CURRENT_USER()","Unable to convert functions","PostgreSQL doesn't support the CURRENT_USER() function","","Create a user-defined function.","","Complex","44","1587","MSSQL_Server_AdvWorks","<PostgreSQL (virtual)>","ec2-3-85-234-44.compute-1.amazonaws.com:1433","","AdventureWorks2019.dbo"
"procedure","Databases.AdventureWorks2019.Schemas.dbo.Procedures.uspSearchCandidateResumes","7811","SERVERPROPERTY(NVARCHAR)","Unable to convert functions","PostgreSQL doesn't support the SERVERPROPERTY(NVARCHAR) function","","Create a user-defined function.","","Complex","20","513","MSSQL_Server_AdvWorks","<PostgreSQL (virtual)>","ec2-3-85-234-44.compute-1.amazonaws.com:1433","","AdventureWorks2019.dbo"
"procedure","Databases.AdventureWorks2019.Schemas.dbo.Procedures.uspSearchCandidateResumes","9996","Transformer error occurred","Internal Converter error occurred","Transformer error occurred","","Please submit report to developers.","","Complex","27","779","MSSQL_Server_AdvWorks","<PostgreSQL (virtual)>","ec2-3-85-234-44.compute-1.amazonaws.com:1433","","AdventureWorks2019.dbo"
"procedure","Databases.AdventureWorks2019.Schemas.dbo.Procedures.uspSearchCandidateResumes","9996","Transformer error occurred","Internal Converter error occurred","Transformer error occurred","","Please submit report to developers.","","Complex","35","1243","MSSQL_Server_AdvWorks","<PostgreSQL (virtual)>","ec2-3-85-234-44.compute-1.amazonaws.com:1433","","AdventureWorks2019.dbo"
"procedure","Databases.AdventureWorks2019.Schemas.dbo.Procedures.uspSearchCandidateResumes","9996","Transformer error occurred","Internal Converter error occurred","Transformer error occurred","","Please submit report to developers.","","Complex","43","1697","MSSQL_Server_AdvWorks","<PostgreSQL (virtual)>","ec2-3-85-234-44.compute-1.amazonaws.com:1433","","AdventureWorks2019.dbo"
"procedure","Databases.AdventureWorks2019.Schemas.dbo.Procedures.uspSearchCandidateResumes","9996","Transformer error occurred","Internal Converter error occurred","Transformer error occurred","","Please submit report to developers.","","Complex","51","2135","MSSQL_Server_AdvWorks","<PostgreSQL (virtual)>","ec2-3-85-234-44.compute-1.amazonaws.com:1433","","AdventureWorks2019.dbo"
"trigger","Databases.AdventureWorks2019.Schemas.dbo.Tables.Locations.Triggers.TR_DEL_Locations","7809","","PostgreSQL does not support INSTEAD OF triggers on tables","PostgreSQL does not support INSTEAD OF triggers on tables","","Perform a manual conversion.","","Complex","","","MSSQL_Server_AdvWorks","<PostgreSQL (virtual)>","ec2-3-85-234-44.compute-1.amazonaws.com:1433","","AdventureWorks2019.dbo"
