"Category","Number of objects","Objects automatically converted","Objects with simple actions","Objects with medium-complexity actions","Objects with complex actions","Total lines of code"
"TABLE_VALUED_FUNCTION","1","1","0","0","0","71"
"TYPE","6","6","0","0","0","12"
"SCALAR_FUNCTION","10","10","0","0","0","170"
"PROCEDURE","6","1","2","0","3","225"
"CONSTRAINT","3","3","0","0","0","6"
"TABLE","3","3","0","0","0","30"
"SCHEMA","1","1","0","0","0",""
"SQL_syntax_elements_number","3210","3123","","",""
"Storage_objects_count","13","13","","",""
"Code_objects_count","17","14","","",""

"Source database: AdventureWorks.dbo.MSSQL_Server_AdvWorks"
"Microsoft SQL Server 2019 (RTM-CU17) (KB5016394) - 15.0.4249.2 (X64) Jul 22 2022 12:11:33 "
"Copyright (C) 2019 Microsoft Corporation"
"Developer Edition (64-bit) on Linux (Amazon Linux 2) <X64>"
"Case sensitivity: OFF"
