"Category","Occurrence","Action item","Subject","Group","Description","Documentation references","Recommended action","Filtered","Estimated complexity","Line","Position","Source","Target","Server IP address and port","Database name","Schema name"
"procedure","Databases.AdventureWorks.Schemas.dbo.Procedures.uspGetBillOfMaterials","7938","","AWS SCT can't convert OPTION clauses","AWS SCT can't convert OPTION clauses","","Convert your source code manually.","","Simple","36","2125","MSSQL_Server_AdvWorks","<PostgreSQL (virtual)>","ec2-13-234-136-144.ap-south-1.compute.amazonaws.com:1433","","AdventureWorks.dbo"
"procedure","Databases.AdventureWorks.Schemas.dbo.Procedures.uspGetEmployeeManagers","7938","","AWS SCT can't convert OPTION clauses","AWS SCT can't convert OPTION clauses","","Convert your source code manually.","","Simple","33","1797","MSSQL_Server_AdvWorks","<PostgreSQL (virtual)>","ec2-13-234-136-144.ap-south-1.compute.amazonaws.com:1433","","AdventureWorks.dbo"
"procedure","Databases.AdventureWorks.Schemas.dbo.Procedures.uspGetManagerEmployees","7938","","AWS SCT can't convert OPTION clauses","AWS SCT can't convert OPTION clauses","","Convert your source code manually.","","Simple","33","1752","MSSQL_Server_AdvWorks","<PostgreSQL (virtual)>","ec2-13-234-136-144.ap-south-1.compute.amazonaws.com:1433","","AdventureWorks.dbo"
"procedure","Databases.AdventureWorks.Schemas.dbo.Procedures.uspGetWhereUsedProductID","7938","","AWS SCT can't convert OPTION clauses","AWS SCT can't convert OPTION clauses","","Convert your source code manually.","","Simple","34","2023","MSSQL_Server_AdvWorks","<PostgreSQL (virtual)>","ec2-13-234-136-144.ap-south-1.compute.amazonaws.com:1433","","AdventureWorks.dbo"
"procedure","Databases.AdventureWorks.Schemas.dbo.Procedures.uspGetEmployeeManagers","7708","HIERARCHYID.GETANCESTOR(INT)","AWS SCT can't convert the usage of an unsupported data type","AWS SCT can't convert the usage of the unsupported HIERARCHYID.GETANCESTOR(INT) data type","","Convert your source code manually.","","Complex","20","969","MSSQL_Server_AdvWorks","<PostgreSQL (virtual)>","ec2-13-234-136-144.ap-south-1.compute.amazonaws.com:1433","","AdventureWorks.dbo"
"procedure","Databases.AdventureWorks.Schemas.dbo.Procedures.uspGetEmployeeManagers","7708","HIERARCHYID.TOSTRING()","AWS SCT can't convert the usage of an unsupported data type","AWS SCT can't convert the usage of the unsupported HIERARCHYID.TOSTRING() data type","","Convert your source code manually.","","Complex","26","1308","MSSQL_Server_AdvWorks","<PostgreSQL (virtual)>","ec2-13-234-136-144.ap-south-1.compute.amazonaws.com:1433","","AdventureWorks.dbo"
"procedure","Databases.AdventureWorks.Schemas.dbo.Procedures.uspGetEmployeeManagers","7708","HIERARCHYID.GETANCESTOR(INT)","AWS SCT can't convert the usage of an unsupported data type","AWS SCT can't convert the usage of the unsupported HIERARCHYID.GETANCESTOR(INT) data type","","Convert your source code manually.","","Complex","29","1556","MSSQL_Server_AdvWorks","<PostgreSQL (virtual)>","ec2-13-234-136-144.ap-south-1.compute.amazonaws.com:1433","","AdventureWorks.dbo"
"procedure","Databases.AdventureWorks.Schemas.dbo.Procedures.uspGetEmployeeManagers","7708","HIERARCHYID.TOSTRING()","AWS SCT can't convert the usage of an unsupported data type","AWS SCT can't convert the usage of the unsupported HIERARCHYID.TOSTRING() data type","","Convert your source code manually.","","Complex","32","1752","MSSQL_Server_AdvWorks","<PostgreSQL (virtual)>","ec2-13-234-136-144.ap-south-1.compute.amazonaws.com:1433","","AdventureWorks.dbo"
"procedure","Databases.AdventureWorks.Schemas.dbo.Procedures.uspGetManagerEmployees","7708","HIERARCHYID.GETANCESTOR(INT)","AWS SCT can't convert the usage of an unsupported data type","AWS SCT can't convert the usage of the unsupported HIERARCHYID.GETANCESTOR(INT) data type","","Convert your source code manually.","","Complex","20","927","MSSQL_Server_AdvWorks","<PostgreSQL (virtual)>","ec2-13-234-136-144.ap-south-1.compute.amazonaws.com:1433","","AdventureWorks.dbo"
"procedure","Databases.AdventureWorks.Schemas.dbo.Procedures.uspGetManagerEmployees","7708","HIERARCHYID.TOSTRING()","AWS SCT can't convert the usage of an unsupported data type","AWS SCT can't convert the usage of the unsupported HIERARCHYID.TOSTRING() data type","","Convert your source code manually.","","Complex","25","1190","MSSQL_Server_AdvWorks","<PostgreSQL (virtual)>","ec2-13-234-136-144.ap-south-1.compute.amazonaws.com:1433","","AdventureWorks.dbo"
"procedure","Databases.AdventureWorks.Schemas.dbo.Procedures.uspGetManagerEmployees","7708","HIERARCHYID.GETANCESTOR(INT)","AWS SCT can't convert the usage of an unsupported data type","AWS SCT can't convert the usage of the unsupported HIERARCHYID.GETANCESTOR(INT) data type","","Convert your source code manually.","","Complex","29","1521","MSSQL_Server_AdvWorks","<PostgreSQL (virtual)>","ec2-13-234-136-144.ap-south-1.compute.amazonaws.com:1433","","AdventureWorks.dbo"
"procedure","Databases.AdventureWorks.Schemas.dbo.Procedures.uspGetManagerEmployees","7708","HIERARCHYID.TOSTRING()","AWS SCT can't convert the usage of an unsupported data type","AWS SCT can't convert the usage of the unsupported HIERARCHYID.TOSTRING() data type","","Convert your source code manually.","","Complex","32","1707","MSSQL_Server_AdvWorks","<PostgreSQL (virtual)>","ec2-13-234-136-144.ap-south-1.compute.amazonaws.com:1433","","AdventureWorks.dbo"
"procedure","Databases.AdventureWorks.Schemas.dbo.Procedures.uspLogError","7811","CURRENT_USER()","AWS SCT can't convert functions","PostgreSQL doesn't support the CURRENT_USER() function","","Review the converted code to make sure that the user-defined function produces the same results as the source code.","","Complex","44","1587","MSSQL_Server_AdvWorks","<PostgreSQL (virtual)>","ec2-13-234-136-144.ap-south-1.compute.amazonaws.com:1433","","AdventureWorks.dbo"
