"Category","Occurrence","Action item","Subject","Group","Description","Documentation references","Recommended action","Filtered","Estimated complexity","Line","Position","Source","Target","Server IP address and port","Database name","Schema name"
"xml schema collection","Databases.AdventureWorks.Schemas.Person.XML Schema Collections.AdditionalContactInfoSchemaCollection","9994","XML Schema Collections","Unable to convert objects","Unable to convert objects of the XML Schema Collections category","","Perform manual conversion.","","Complex","","","MSSQL_Server_AdvWorks","<PostgreSQL (virtual)>","ec2-13-234-136-144.ap-south-1.compute.amazonaws.com:1433","","AdventureWorks.Person"
"xml schema collection","Databases.AdventureWorks.Schemas.Person.XML Schema Collections.IndividualSurveySchemaCollection","9994","XML Schema Collections","Unable to convert objects","Unable to convert objects of the XML Schema Collections category","","Perform manual conversion.","","Complex","","","MSSQL_Server_AdvWorks","<PostgreSQL (virtual)>","ec2-13-234-136-144.ap-south-1.compute.amazonaws.com:1433","","AdventureWorks.Person"
"view","Databases.AdventureWorks.Schemas.Person.Views.vStateProvinceCountryRegion","7634","","PostgreSQL doesn't support SCHEMABINDING clauses","PostgreSQL doesn't support SCHEMABINDING clauses","","Revise your code to avoid using SCHEMABINDING and try again.","","Simple","","","MSSQL_Server_AdvWorks","<PostgreSQL (virtual)>","ec2-13-234-136-144.ap-south-1.compute.amazonaws.com:1433","","AdventureWorks.Person"
"view","Databases.AdventureWorks.Schemas.Person.Views.vStateProvinceCountryRegion","7795","","In PostgreSQL, string operations are case sensitive","In PostgreSQL, string operations are case sensitive","","Review the converted code to make sure that it compares strings correctly.","","Simple","15","403","MSSQL_Server_AdvWorks","<PostgreSQL (virtual)>","ec2-13-234-136-144.ap-south-1.compute.amazonaws.com:1433","","AdventureWorks.Person"
"view","Databases.AdventureWorks.Schemas.Person.Views.vAdditionalContactInfo","7708","XML.VALUE(VARCHAR,VARCHAR)","AWS SCT can't convert the usage of an unsupported data type","AWS SCT can't convert the usage of the unsupported XML.VALUE(VARCHAR,VARCHAR) data type","","Convert your source code manually.","","Complex","9","148","MSSQL_Server_AdvWorks","<PostgreSQL (virtual)>","ec2-13-234-136-144.ap-south-1.compute.amazonaws.com:1433","","AdventureWorks.Person"
"view","Databases.AdventureWorks.Schemas.Person.Views.vAdditionalContactInfo","7708","XML.VALUE(VARCHAR,VARCHAR)","AWS SCT can't convert the usage of an unsupported data type","AWS SCT can't convert the usage of the unsupported XML.VALUE(VARCHAR,VARCHAR) data type","","Convert your source code manually.","","Complex","12","488","MSSQL_Server_AdvWorks","<PostgreSQL (virtual)>","ec2-13-234-136-144.ap-south-1.compute.amazonaws.com:1433","","AdventureWorks.Person"
"view","Databases.AdventureWorks.Schemas.Person.Views.vAdditionalContactInfo","7708","XML.VALUE(VARCHAR,VARCHAR)","AWS SCT can't convert the usage of an unsupported data type","AWS SCT can't convert the usage of the unsupported XML.VALUE(VARCHAR,VARCHAR) data type","","Convert your source code manually.","","Complex","15","852","MSSQL_Server_AdvWorks","<PostgreSQL (virtual)>","ec2-13-234-136-144.ap-south-1.compute.amazonaws.com:1433","","AdventureWorks.Person"
"view","Databases.AdventureWorks.Schemas.Person.Views.vAdditionalContactInfo","7708","XML.VALUE(VARCHAR,VARCHAR)","AWS SCT can't convert the usage of an unsupported data type","AWS SCT can't convert the usage of the unsupported XML.VALUE(VARCHAR,VARCHAR) data type","","Convert your source code manually.","","Complex","18","1172","MSSQL_Server_AdvWorks","<PostgreSQL (virtual)>","ec2-13-234-136-144.ap-south-1.compute.amazonaws.com:1433","","AdventureWorks.Person"
"view","Databases.AdventureWorks.Schemas.Person.Views.vAdditionalContactInfo","7708","XML.VALUE(VARCHAR,VARCHAR)","AWS SCT can't convert the usage of an unsupported data type","AWS SCT can't convert the usage of the unsupported XML.VALUE(VARCHAR,VARCHAR) data type","","Convert your source code manually.","","Complex","21","1489","MSSQL_Server_AdvWorks","<PostgreSQL (virtual)>","ec2-13-234-136-144.ap-south-1.compute.amazonaws.com:1433","","AdventureWorks.Person"
"view","Databases.AdventureWorks.Schemas.Person.Views.vAdditionalContactInfo","7708","XML.VALUE(VARCHAR,VARCHAR)","AWS SCT can't convert the usage of an unsupported data type","AWS SCT can't convert the usage of the unsupported XML.VALUE(VARCHAR,VARCHAR) data type","","Convert your source code manually.","","Complex","24","1824","MSSQL_Server_AdvWorks","<PostgreSQL (virtual)>","ec2-13-234-136-144.ap-south-1.compute.amazonaws.com:1433","","AdventureWorks.Person"
"view","Databases.AdventureWorks.Schemas.Person.Views.vAdditionalContactInfo","7708","XML.VALUE(VARCHAR,VARCHAR)","AWS SCT can't convert the usage of an unsupported data type","AWS SCT can't convert the usage of the unsupported XML.VALUE(VARCHAR,VARCHAR) data type","","Convert your source code manually.","","Complex","27","2153","MSSQL_Server_AdvWorks","<PostgreSQL (virtual)>","ec2-13-234-136-144.ap-south-1.compute.amazonaws.com:1433","","AdventureWorks.Person"
"view","Databases.AdventureWorks.Schemas.Person.Views.vAdditionalContactInfo","7708","XML.VALUE(VARCHAR,VARCHAR)","AWS SCT can't convert the usage of an unsupported data type","AWS SCT can't convert the usage of the unsupported XML.VALUE(VARCHAR,VARCHAR) data type","","Convert your source code manually.","","Complex","30","2488","MSSQL_Server_AdvWorks","<PostgreSQL (virtual)>","ec2-13-234-136-144.ap-south-1.compute.amazonaws.com:1433","","AdventureWorks.Person"
"view","Databases.AdventureWorks.Schemas.Person.Views.vAdditionalContactInfo","7708","XML.VALUE(VARCHAR,VARCHAR)","AWS SCT can't convert the usage of an unsupported data type","AWS SCT can't convert the usage of the unsupported XML.VALUE(VARCHAR,VARCHAR) data type","","Convert your source code manually.","","Complex","33","2854","MSSQL_Server_AdvWorks","<PostgreSQL (virtual)>","ec2-13-234-136-144.ap-south-1.compute.amazonaws.com:1433","","AdventureWorks.Person"
"view","Databases.AdventureWorks.Schemas.Person.Views.vAdditionalContactInfo","7708","XML.VALUE(VARCHAR,VARCHAR)","AWS SCT can't convert the usage of an unsupported data type","AWS SCT can't convert the usage of the unsupported XML.VALUE(VARCHAR,VARCHAR) data type","","Convert your source code manually.","","Complex","36","3188","MSSQL_Server_AdvWorks","<PostgreSQL (virtual)>","ec2-13-234-136-144.ap-south-1.compute.amazonaws.com:1433","","AdventureWorks.Person"
"view","Databases.AdventureWorks.Schemas.Person.Views.vAdditionalContactInfo","7708","XML.VALUE(VARCHAR,VARCHAR)","AWS SCT can't convert the usage of an unsupported data type","AWS SCT can't convert the usage of the unsupported XML.VALUE(VARCHAR,VARCHAR) data type","","Convert your source code manually.","","Complex","39","3538","MSSQL_Server_AdvWorks","<PostgreSQL (virtual)>","ec2-13-234-136-144.ap-south-1.compute.amazonaws.com:1433","","AdventureWorks.Person"
"view","Databases.AdventureWorks.Schemas.Person.Views.vAdditionalContactInfo","7708","XML.NODES(VARCHAR)","AWS SCT can't convert the usage of an unsupported data type","AWS SCT can't convert the usage of the unsupported XML.NODES(VARCHAR) data type","","Convert your source code manually.","","Complex","45","3974","MSSQL_Server_AdvWorks","<PostgreSQL (virtual)>","ec2-13-234-136-144.ap-south-1.compute.amazonaws.com:1433","","AdventureWorks.Person"
"trigger","Databases.AdventureWorks.Schemas.Person.Tables.Person.Triggers.iuPerson","7833","","AWS SCT can't convert the @@rowcount function in the current context","AWS SCT can't convert the @@rowcount function in the current context","","Convert your source code manually.","","Simple","7","157","MSSQL_Server_AdvWorks","<PostgreSQL (virtual)>","ec2-13-234-136-144.ap-south-1.compute.amazonaws.com:1433","","AdventureWorks.Person"
"trigger","Databases.AdventureWorks.Schemas.Person.Tables.Person.Triggers.iuPerson","9997","Person","Unable to resolve objects","Unable to resolve the object Person","","Verify if the unresolved object is present in the database. If it isn't, check the object name or add the object. If the object is present, transform the code manually.","","Simple","16","361","MSSQL_Server_AdvWorks","<PostgreSQL (virtual)>","ec2-13-234-136-144.ap-south-1.compute.amazonaws.com:1433","","AdventureWorks.Person"
"trigger","Databases.AdventureWorks.Schemas.Person.Tables.Person.Triggers.iuPerson","9997","Demographics","Unable to resolve objects","Unable to resolve the object Demographics","","Verify if the unresolved object is present in the database. If it isn't, check the object name or add the object. If the object is present, transform the code manually.","","Simple","16","370","MSSQL_Server_AdvWorks","<PostgreSQL (virtual)>","ec2-13-234-136-144.ap-south-1.compute.amazonaws.com:1433","","AdventureWorks.Person"
"trigger","Databases.AdventureWorks.Schemas.Person.Tables.Person.Triggers.iuPerson","9997","Person","Unable to resolve objects","Unable to resolve the object Person","","Verify if the unresolved object is present in the database. If it isn't, check the object name or add the object. If the object is present, transform the code manually.","","Simple","20","636","MSSQL_Server_AdvWorks","<PostgreSQL (virtual)>","ec2-13-234-136-144.ap-south-1.compute.amazonaws.com:1433","","AdventureWorks.Person"
"trigger","Databases.AdventureWorks.Schemas.Person.Tables.Person.Triggers.iuPerson","9997","BusinessEntityID","Unable to resolve objects","Unable to resolve the object BusinessEntityID","","Verify if the unresolved object is present in the database. If it isn't, check the object name or add the object. If the object is present, transform the code manually.","","Simple","20","645","MSSQL_Server_AdvWorks","<PostgreSQL (virtual)>","ec2-13-234-136-144.ap-south-1.compute.amazonaws.com:1433","","AdventureWorks.Person"
"trigger","Databases.AdventureWorks.Schemas.Person.Tables.Person.Triggers.iuPerson","9997","BusinessEntityID","Unable to resolve objects","Unable to resolve the object BusinessEntityID","","Verify if the unresolved object is present in the database. If it isn't, check the object name or add the object. If the object is present, transform the code manually.","","Simple","20","675","MSSQL_Server_AdvWorks","<PostgreSQL (virtual)>","ec2-13-234-136-144.ap-south-1.compute.amazonaws.com:1433","","AdventureWorks.Person"
"trigger","Databases.AdventureWorks.Schemas.Person.Tables.Person.Triggers.iuPerson","9997","Demographics","Unable to resolve objects","Unable to resolve the object Demographics","","Verify if the unresolved object is present in the database. If it isn't, check the object name or add the object. If the object is present, transform the code manually.","","Simple","21","721","MSSQL_Server_AdvWorks","<PostgreSQL (virtual)>","ec2-13-234-136-144.ap-south-1.compute.amazonaws.com:1433","","AdventureWorks.Person"
"trigger","Databases.AdventureWorks.Schemas.Person.Tables.Person.Triggers.iuPerson","9997","Person","Unable to resolve objects","Unable to resolve the object Person","","Verify if the unresolved object is present in the database. If it isn't, check the object name or add the object. If the object is present, transform the code manually.","","Simple","29","1123","MSSQL_Server_AdvWorks","<PostgreSQL (virtual)>","ec2-13-234-136-144.ap-south-1.compute.amazonaws.com:1433","","AdventureWorks.Person"
"trigger","Databases.AdventureWorks.Schemas.Person.Tables.Person.Triggers.iuPerson","9997","BusinessEntityID","Unable to resolve objects","Unable to resolve the object BusinessEntityID","","Verify if the unresolved object is present in the database. If it isn't, check the object name or add the object. If the object is present, transform the code manually.","","Simple","29","1132","MSSQL_Server_AdvWorks","<PostgreSQL (virtual)>","ec2-13-234-136-144.ap-south-1.compute.amazonaws.com:1433","","AdventureWorks.Person"
"trigger","Databases.AdventureWorks.Schemas.Person.Tables.Person.Triggers.iuPerson","9997","BusinessEntityID","Unable to resolve objects","Unable to resolve the object BusinessEntityID","","Verify if the unresolved object is present in the database. If it isn't, check the object name or add the object. If the object is present, transform the code manually.","","Simple","29","1162","MSSQL_Server_AdvWorks","<PostgreSQL (virtual)>","ec2-13-234-136-144.ap-south-1.compute.amazonaws.com:1433","","AdventureWorks.Person"
"trigger","Databases.AdventureWorks.Schemas.Person.Tables.Person.Triggers.iuPerson","9997","Demographics","Unable to resolve objects","Unable to resolve the object Demographics","","Verify if the unresolved object is present in the database. If it isn't, check the object name or add the object. If the object is present, transform the code manually.","","Simple","30","1208","MSSQL_Server_AdvWorks","<PostgreSQL (virtual)>","ec2-13-234-136-144.ap-south-1.compute.amazonaws.com:1433","","AdventureWorks.Person"
"trigger","Databases.AdventureWorks.Schemas.Person.Tables.Person.Triggers.iuPerson","9997","Demographics","Unable to resolve objects","Unable to resolve the object Demographics","","Verify if the unresolved object is present in the database. If it isn't, check the object name or add the object. If the object is present, transform the code manually.","","Simple","31","1262","MSSQL_Server_AdvWorks","<PostgreSQL (virtual)>","ec2-13-234-136-144.ap-south-1.compute.amazonaws.com:1433","","AdventureWorks.Person"
"trigger","Databases.AdventureWorks.Schemas.Person.Tables.Person.Triggers.iuPerson","9997","exist","Unable to resolve objects","Unable to resolve the object exist","","Verify if the unresolved object is present in the database. If it isn't, check the object name or add the object. If the object is present, transform the code manually.","","Simple","31","1277","MSSQL_Server_AdvWorks","<PostgreSQL (virtual)>","ec2-13-234-136-144.ap-south-1.compute.amazonaws.com:1433","","AdventureWorks.Person"
"trigger","Databases.AdventureWorks.Schemas.Person.Tables.Person.Triggers.iuPerson","7708","XML.MODIFY(VARCHAR)","AWS SCT can't convert the usage of an unsupported data type","AWS SCT can't convert the usage of the unsupported XML.MODIFY(VARCHAR) data type","","Convert your source code manually.","","Complex","24","803","MSSQL_Server_AdvWorks","<PostgreSQL (virtual)>","ec2-13-234-136-144.ap-south-1.compute.amazonaws.com:1433","","AdventureWorks.Person"
"index","Databases.AdventureWorks.Schemas.Person.Tables.Person.Indexes.PXML_Person_AddContact","7791","","PostgreSQL doesn't support the DATA_COMPRESSION option in indexes","PostgreSQL doesn't support the DATA_COMPRESSION option in indexes","","Revise your code to use indexes without the DATA_COMPRESSION option and try again.","","Simple","","","MSSQL_Server_AdvWorks","<PostgreSQL (virtual)>","ec2-13-234-136-144.ap-south-1.compute.amazonaws.com:1433","","AdventureWorks.Person"
"index","Databases.AdventureWorks.Schemas.Person.Tables.Person.Indexes.PXML_Person_Demographics","7791","","PostgreSQL doesn't support the DATA_COMPRESSION option in indexes","PostgreSQL doesn't support the DATA_COMPRESSION option in indexes","","Revise your code to use indexes without the DATA_COMPRESSION option and try again.","","Simple","","","MSSQL_Server_AdvWorks","<PostgreSQL (virtual)>","ec2-13-234-136-144.ap-south-1.compute.amazonaws.com:1433","","AdventureWorks.Person"
"index","Databases.AdventureWorks.Schemas.Person.Tables.Person.Indexes.XMLPATH_Person_Demographics","7791","","PostgreSQL doesn't support the DATA_COMPRESSION option in indexes","PostgreSQL doesn't support the DATA_COMPRESSION option in indexes","","Revise your code to use indexes without the DATA_COMPRESSION option and try again.","","Simple","","","MSSQL_Server_AdvWorks","<PostgreSQL (virtual)>","ec2-13-234-136-144.ap-south-1.compute.amazonaws.com:1433","","AdventureWorks.Person"
"index","Databases.AdventureWorks.Schemas.Person.Tables.Person.Indexes.XMLPROPERTY_Person_Demographics","7791","","PostgreSQL doesn't support the DATA_COMPRESSION option in indexes","PostgreSQL doesn't support the DATA_COMPRESSION option in indexes","","Revise your code to use indexes without the DATA_COMPRESSION option and try again.","","Simple","","","MSSQL_Server_AdvWorks","<PostgreSQL (virtual)>","ec2-13-234-136-144.ap-south-1.compute.amazonaws.com:1433","","AdventureWorks.Person"
"index","Databases.AdventureWorks.Schemas.Person.Tables.Person.Indexes.XMLVALUE_Person_Demographics","7791","","PostgreSQL doesn't support the DATA_COMPRESSION option in indexes","PostgreSQL doesn't support the DATA_COMPRESSION option in indexes","","Revise your code to use indexes without the DATA_COMPRESSION option and try again.","","Simple","","","MSSQL_Server_AdvWorks","<PostgreSQL (virtual)>","ec2-13-234-136-144.ap-south-1.compute.amazonaws.com:1433","","AdventureWorks.Person"
"index","Databases.AdventureWorks.Schemas.Person.Views.vStateProvinceCountryRegion.Indexes.IX_vStateProvinceCountryRegion","7937","","AWS SCT can't convert indexed views","AWS SCT can't convert indexed views","","Convert your source code manually.","","Complex","","","MSSQL_Server_AdvWorks","<PostgreSQL (virtual)>","ec2-13-234-136-144.ap-south-1.compute.amazonaws.com:1433","","AdventureWorks.Person"
"constraint","Databases.AdventureWorks.Schemas.Person.Tables.Person.Constraints.CK_Person_PersonType","7795","","In PostgreSQL, string operations are case sensitive","In PostgreSQL, string operations are case sensitive","","Review the converted code to make sure that it compares strings correctly.","","Simple","1","26","MSSQL_Server_AdvWorks","<PostgreSQL (virtual)>","ec2-13-234-136-144.ap-south-1.compute.amazonaws.com:1433","","AdventureWorks.Person"
"constraint","Databases.AdventureWorks.Schemas.Person.Tables.Person.Constraints.CK_Person_PersonType","7795","","In PostgreSQL, string operations are case sensitive","In PostgreSQL, string operations are case sensitive","","Review the converted code to make sure that it compares strings correctly.","","Simple","1","54","MSSQL_Server_AdvWorks","<PostgreSQL (virtual)>","ec2-13-234-136-144.ap-south-1.compute.amazonaws.com:1433","","AdventureWorks.Person"
"constraint","Databases.AdventureWorks.Schemas.Person.Tables.Person.Constraints.CK_Person_PersonType","7795","","In PostgreSQL, string operations are case sensitive","In PostgreSQL, string operations are case sensitive","","Review the converted code to make sure that it compares strings correctly.","","Simple","1","82","MSSQL_Server_AdvWorks","<PostgreSQL (virtual)>","ec2-13-234-136-144.ap-south-1.compute.amazonaws.com:1433","","AdventureWorks.Person"
"constraint","Databases.AdventureWorks.Schemas.Person.Tables.Person.Constraints.CK_Person_PersonType","7795","","In PostgreSQL, string operations are case sensitive","In PostgreSQL, string operations are case sensitive","","Review the converted code to make sure that it compares strings correctly.","","Simple","1","110","MSSQL_Server_AdvWorks","<PostgreSQL (virtual)>","ec2-13-234-136-144.ap-south-1.compute.amazonaws.com:1433","","AdventureWorks.Person"
"constraint","Databases.AdventureWorks.Schemas.Person.Tables.Person.Constraints.CK_Person_PersonType","7795","","In PostgreSQL, string operations are case sensitive","In PostgreSQL, string operations are case sensitive","","Review the converted code to make sure that it compares strings correctly.","","Simple","1","138","MSSQL_Server_AdvWorks","<PostgreSQL (virtual)>","ec2-13-234-136-144.ap-south-1.compute.amazonaws.com:1433","","AdventureWorks.Person"
"constraint","Databases.AdventureWorks.Schemas.Person.Tables.Person.Constraints.CK_Person_PersonType","7795","","In PostgreSQL, string operations are case sensitive","In PostgreSQL, string operations are case sensitive","","Review the converted code to make sure that it compares strings correctly.","","Simple","1","166","MSSQL_Server_AdvWorks","<PostgreSQL (virtual)>","ec2-13-234-136-144.ap-south-1.compute.amazonaws.com:1433","","AdventureWorks.Person"
"table","Databases.AdventureWorks.Schemas.Person.Tables.Address.Columns.rowguid","7831","","Make sure that you install the uuid-ossp extension to use the newid() function","Make sure that you install the uuid-ossp extension to use the newid() function","","Revise your database settings and try again.","","Simple","1","1","MSSQL_Server_AdvWorks","<PostgreSQL (virtual)>","ec2-13-234-136-144.ap-south-1.compute.amazonaws.com:1433","","AdventureWorks.Person"
"table","Databases.AdventureWorks.Schemas.Person.Tables.AddressType.Columns.rowguid","7831","","Make sure that you install the uuid-ossp extension to use the newid() function","Make sure that you install the uuid-ossp extension to use the newid() function","","Revise your database settings and try again.","","Simple","1","1","MSSQL_Server_AdvWorks","<PostgreSQL (virtual)>","ec2-13-234-136-144.ap-south-1.compute.amazonaws.com:1433","","AdventureWorks.Person"
"table","Databases.AdventureWorks.Schemas.Person.Tables.BusinessEntity.Columns.rowguid","7831","","Make sure that you install the uuid-ossp extension to use the newid() function","Make sure that you install the uuid-ossp extension to use the newid() function","","Revise your database settings and try again.","","Simple","1","1","MSSQL_Server_AdvWorks","<PostgreSQL (virtual)>","ec2-13-234-136-144.ap-south-1.compute.amazonaws.com:1433","","AdventureWorks.Person"
"table","Databases.AdventureWorks.Schemas.Person.Tables.BusinessEntityAddress.Columns.rowguid","7831","","Make sure that you install the uuid-ossp extension to use the newid() function","Make sure that you install the uuid-ossp extension to use the newid() function","","Revise your database settings and try again.","","Simple","1","1","MSSQL_Server_AdvWorks","<PostgreSQL (virtual)>","ec2-13-234-136-144.ap-south-1.compute.amazonaws.com:1433","","AdventureWorks.Person"
"table","Databases.AdventureWorks.Schemas.Person.Tables.BusinessEntityContact.Columns.rowguid","7831","","Make sure that you install the uuid-ossp extension to use the newid() function","Make sure that you install the uuid-ossp extension to use the newid() function","","Revise your database settings and try again.","","Simple","1","1","MSSQL_Server_AdvWorks","<PostgreSQL (virtual)>","ec2-13-234-136-144.ap-south-1.compute.amazonaws.com:1433","","AdventureWorks.Person"
"table","Databases.AdventureWorks.Schemas.Person.Tables.EmailAddress.Columns.rowguid","7831","","Make sure that you install the uuid-ossp extension to use the newid() function","Make sure that you install the uuid-ossp extension to use the newid() function","","Revise your database settings and try again.","","Simple","1","1","MSSQL_Server_AdvWorks","<PostgreSQL (virtual)>","ec2-13-234-136-144.ap-south-1.compute.amazonaws.com:1433","","AdventureWorks.Person"
"table","Databases.AdventureWorks.Schemas.Person.Tables.Password.Columns.rowguid","7831","","Make sure that you install the uuid-ossp extension to use the newid() function","Make sure that you install the uuid-ossp extension to use the newid() function","","Revise your database settings and try again.","","Simple","1","1","MSSQL_Server_AdvWorks","<PostgreSQL (virtual)>","ec2-13-234-136-144.ap-south-1.compute.amazonaws.com:1433","","AdventureWorks.Person"
"table","Databases.AdventureWorks.Schemas.Person.Tables.Person.Columns.rowguid","7831","","Make sure that you install the uuid-ossp extension to use the newid() function","Make sure that you install the uuid-ossp extension to use the newid() function","","Revise your database settings and try again.","","Simple","1","1","MSSQL_Server_AdvWorks","<PostgreSQL (virtual)>","ec2-13-234-136-144.ap-south-1.compute.amazonaws.com:1433","","AdventureWorks.Person"
"table","Databases.AdventureWorks.Schemas.Person.Tables.StateProvince.Columns.rowguid","7831","","Make sure that you install the uuid-ossp extension to use the newid() function","Make sure that you install the uuid-ossp extension to use the newid() function","","Revise your database settings and try again.","","Simple","1","1","MSSQL_Server_AdvWorks","<PostgreSQL (virtual)>","ec2-13-234-136-144.ap-south-1.compute.amazonaws.com:1433","","AdventureWorks.Person"
