Schema,Action item,Number of occurrences,Learning curve efforts,Efforts to convert an occurrence of the action item,Action item description,Recommended action
AdventureWorks.Person,7634,1,0.0,0.1,PostgreSQL doesn't support SCHEMABINDING clauses,Revise your code to avoid using SCHEMABINDING and try again.
AdventureWorks.Person,7708,13,80.0,40.0,AWS SCT can't convert the usage of an unsupported data type,Convert your source code manually.
AdventureWorks.Person,7791,5,0.0,0.1,PostgreSQL doesn't support the DATA_COMPRESSION option in indexes,Revise your code to use indexes without the DATA_COMPRESSION option and try again.
AdventureWorks.Person,7795,7,0.0,0.01,"In PostgreSQL, string operations are case sensitive",Review the converted code to make sure that it compares strings correctly.
AdventureWorks.Person,7831,9,8.0,2.0,Make sure that you install the uuid-ossp extension to use the newid() function,Revise your database settings and try again.
AdventureWorks.Person,7833,1,2.0,0.5,AWS SCT can't convert the @@rowcount function in the current context,Convert your source code manually.
AdventureWorks.Person,7937,1,8.0,8.0,AWS SCT can't convert indexed views,Convert your source code manually.
AdventureWorks.Person,9994,2,40.0,40.0,Unable to convert objects,Perform manual conversion.
AdventureWorks.Person,9997,12,0.0,0.3,Unable to resolve objects,"Verify if the unresolved object is present in the database. If it isn't, check the object name or add the object. If the object is present, transform the code manually."
