"Category","Number of objects","Objects automatically converted","Objects with simple actions","Objects with medium-complexity actions","Objects with complex actions","Total lines of code"
"XML_SCHEMA_COLLECTION","2","2","0","0","0","4"
"VIEW","2","2","0","0","0","65"
"TRIGGER","1","1","0","0","0","36"
"INDEX","27","27","0","0","0","54"
"CONSTRAINT","29","29","0","0","0","72"
"TABLE","13","13","0","0","0","109"
"SCHEMA","1","1","0","0","0","1"
"SQL_syntax_elements_number","532","532","","",""
"Storage_objects_count","72","72","","",""
"Code_objects_count","3","3","","",""

"Source database: AdventureWorks2019.Person.MSSQL_Server_AdvWorks"
"Microsoft SQL Server 2019 (RTM-CU14) (KB5007182) - 15.0.4188.2 (X64) Nov  3 2021 19:19:51 "
"Copyright (C) 2019 Microsoft Corporation"
"Express Edition (64-bit) on Linux (Red Hat Enterprise Linux 8.4 (Ootpa)) <X64>"
"Case sensitivity: OFF"
